﻿<?xml version="1.0" encoding="UTF-8"?>
<PagSeguroConfiguration>
  <!-- Urls defaults for call services PagSeguro -->
  <Urls>
    <!-- url for payment service -->
    <Payment>
      <Link>https://ws.pagseguro.uol.com.br/v2/checkout</Link>
    </Payment>
    <!-- url for paymentRedirect service -->
    <PaymentRedirect>
      <Link>https://pagseguro.uol.com.br/v2/checkout/payment.html</Link>
    </PaymentRedirect>
    <!-- url for notifications service -->
    <Notification>
      <Link>https://ws.pagseguro.uol.com.br/v2/transactions/notifications</Link>
    </Notification>
    <!-- url for transactions service -->
    <Search>
      <Link>https://ws.pagseguro.uol.com.br/v2/transactions</Link>
    </Search>
    <!-- url for preApproval request service -->
    <PreApproval>
      <Link>https://ws.pagseguro.uol.com.br/v2/pre-approvals/request</Link>
    </PreApproval>
    <!-- url for preApprovalRedirect service -->
    <PreApprovalRedirect>
      <Link>https://pagseguro.uol.com.br/v2/pre-approvals/request.html</Link>
    </PreApprovalRedirect>
    <!-- url for preApproval notifications service -->
    <PreApprovalNotification>
      <Link>https://ws.pagseguro.uol.com.br/v2/pre-approvals/notifications</Link>
    </PreApprovalNotification>
    <!-- url for preApproval transactions service -->
    <PreApprovalSearch>
      <Link>https://ws.pagseguro.uol.com.br/v2/pre-approvals</Link>
    </PreApprovalSearch>
    <!-- url for preApproval cancel service -->
    <PreApprovalCancel>
      <Link>https://ws.pagseguro.uol.com.br/v2/pre-approvals/cancel</Link>
    </PreApprovalCancel>
    <PreApprovalPayment>
      <Link>https://ws.pagseguro.uol.com.br/v2/pre-approvals/payment</Link>
    </PreApprovalPayment>
  </Urls>
  <!-- user's credential -->
  <Credential>
    <!-- your email here -->
    <Email>backoffice@lojamodelo.com.br</Email>
    <!-- your token here -->
    <Token>2507D8278A9D478D94327BABDDC2A573</Token>
    <!-- your sandbox email here -->
    <SandboxEmail>backoffice@lojamodelo.com.br</SandboxEmail>
    <!-- your sandbox token here -->
    <SandboxToken>2507D8278A9D478D94327BABDDC2A573</SandboxToken>
  </Credential>
  <!-- configuration default for PagSeguro API-->
  <Configuration>
    <!-- version library API PagSeguro .NET C# -->
    <LibVersion>2.1.1</LibVersion>
    <!-- content type -->
    <FormUrlEncoded>application/x-www-form-urlencoded</FormUrlEncoded>
    <!-- encoding of the outcoming/incoming communication to/from PagSeguro API -->
    <Encoding>ISO-8859-1</Encoding>
    <!-- default request timeout for call service -->
    <RequestTimeout>10000</RequestTimeout>
  </Configuration>
</PagSeguroConfiguration>